Name,JAN23,MAY23,AUG23,NOV23,JAN24,MAY24,AUG24,NOV24,JAN25,MAY25,AUG25,NOV25,JAN26,MAY26,AUG26,NOV26,JAN27,MAY27,AUG27,NOV27,JAN28,MAY28,AUG28,NOV28,JAN29,MAY29,AUG29,NOV29,JAN30,MAY30,AUG30,NOV30
Ryugu,2.38984,2.07444,1.87354,2.03056,2.06539,1.48873,0.8274,0.55874,0.66498,0.44189,0.6127,1.16457,1.29461,1.16358,1.55146,2.11906,2.28764,2.07943,1.99754,2.22478,2.28304,1.75891,1.22859,1.18013,1.27021,0.83492,0.3926,0.67229,0.69894,0.66023,1.25217,1.87571
Bennu,1.76706,1.07683,0.5301,0.71025,0.85044,0.42804,0.54087,0.7039,0.52983,0.64079,1.29972,1.70261,1.68927,1.44109,1.83311,2.21777,2.23077,1.91891,2.0241,2.29707,2.26044,1.70927,1.6401,1.89044,1.85823,1.14546,0.66601,0.89312,1.00286,0.51307,0.43106,0.53744
Didymos,0.27677,1.58422,2.80924,3.25316,2.91657,1.24651,0.61461,0.64674,0.56544,1.70261,2.83499,3.21046,2.82551,1.2188,1.0531,1.31653,1.20183,1.80859,2.78092,3.11085,2.7125,1.20454,1.42437,1.85378,1.75983,1.93582,2.71276,2.95763,2.53631,1.23835,1.76715,2.27215
Pallas,1.43975,2.09859,3.10096,3.39249,3.05917,2.15404,2.76753,3.85383,4.17831,3.39668,2.5073,3.22784,3.9723,3.85088,2.47322,1.90404,2.47278,3.15409,2.99614,2.42295,1.8067,1.69156,3.013,3.71644,3.66496,2.70725,2.66691,3.70231,4.25279,3.65855,2.45147,2.77163
Hygiea,3.82682,2.87861,2.0378,2.91124,3.7911,4.15808,3.15269,1.47174,3.13563,4.47439,4.05723,2.78183,2.4456,3.80723,4.24522,3.469,2.5771,2.37908,3.44807,3.82476,3.49586,2.01605,2.17194,3.40153,3.92321,3.49283,2.40431,2.65219,3.54855,4.39517,3.56898,2.51293
Psyche,,,,,,,,,,,,,,,,,,,,,,,,,,,,,,,,
Egeria,,,,,,,,,,,,,,,,,,,,,,,,,,,,,,,,
Fortuna,,,,,,,,,,,,,,,,,,,,,,,,,,,,,,,,
Sylvia,,,,,,,,,,,,,,,,,,,,,,,,,,,,,,,,