number,e,a,q,i,node,peri,M,tp,period-d,period-y,n,Q
1943,0.2560325664,1.430389404,1.064163134,8.70615408,246.3068575,338.3586097,44.3629027,2022-Dec-09.99883297,624.8558693,1.710762134,0.5761328615,1.796615675
4660,0.3587753832,1.485023298,0.952233495,1.453736602,313.1380629,1.60E+02,225.21521,2023-Oct-30.47806576,660.9952331,1.809706319,0.5446332772,2.0178131
7474,0.292206444,1.565741236,1.108221557,7.087577949,88.60908112,275.6458927,187.6768354,2024-Feb-02.54652939,715.6133123,1.95924247,0.5030649847,2.023260914
10302,0.1369146016,1.272792615,1.098528721,4.378652072,104.281413,183.6240405,155.1315142,2022-Jul-13.98751618,524.4872041,1.435967705,0.6863847148,1.447056509
65803,0.3832817378,1.642544446,1.012987156,3.414108872,72.9910851,319.5615827,59.09021528,2022-Oct-21.79191028,768.9075439,2.105154124,0.468196733,2.272101735
98943,0.2192397795,1.032226367,0.8059212856,4.806716063,75.51920887,179.4407466,280.8562152,2023-May-20.21222922,383.0547475,1.048746742,0.9398134402,1.258531448
101955,0.2037450762,1.126391026,0.8968944004,6.03494377,2.060866196,66.22306084,101.703952,2010-Aug-30.64194087,436.6487281,1.195479064,0.8244613503,1.355887651
162173,0.1910898442,1.190951921,0.9633731044,5.866179192,251.30134,211.6068688,232.3502087,2023-Aug-12.32839377,474.7224508,1.299719235,0.7583378444,1.418530739
436724,0.3762200854,1.620717063,1.010970751,4.570992971,285.9765984,8.795543827,247.5123854,2023-Oct-18.48401933,753.6318313,2.063331503,0.4776868294,2.230463375
